{
	"start":	{
		"connected":	[{
				"socket":	5,
				"local_host":	"10.0.0.11",
				"local_port":	47784,
				"remote_host":	"10.0.0.1",
				"remote_port":	5201
			}],
		"version":	"iperf 3.16",
		"system_info":	"Linux leo0207 6.6.87.2-microsoft-standard-WSL2 #1 SMP PREEMPT_DYNAMIC Thu Jun  5 18:30:46 UTC 2025 x86_64",
		"timestamp":	{
			"time":	"Wed, 10 Jun 2026 15:17:12 GMT",
			"timesecs":	1781104632
		},
		"connecting_to":	{
			"host":	"10.0.0.1",
			"port":	5201
		},
		"cookie":	"dcchbcrkop7npnnumyoxgb3n4fcf6ei76dny",
		"tcp_mss_default":	1448,
		"target_bitrate":	0,
		"fq_rate":	0,
		"sock_bufsize":	0,
		"sndbuf_actual":	87380,
		"rcvbuf_actual":	87380,
		"test_start":	{
			"protocol":	"TCP",
			"num_streams":	1,
			"blksize":	131072,
			"omit":	0,
			"duration":	5,
			"bytes":	0,
			"blocks":	0,
			"reverse":	0,
			"tos":	0,
			"target_bitrate":	0,
			"bidir":	0,
			"fqrate":	0
		}
	},
	"intervals":	[{
			"streams":	[{
					"socket":	5,
					"start":	0,
					"end":	1.001352,
					"seconds":	1.0013519525527954,
					"bytes":	2883584,
					"bits_per_second":	23037526.35743098,
					"retransmits":	45,
					"snd_cwnd":	250504,
					"snd_wnd":	1122816,
					"rtt":	98021,
					"rttvar":	19743,
					"pmtu":	1500,
					"omitted":	false,
					"sender":	true
				}],
			"sum":	{
				"start":	0,
				"end":	1.001352,
				"seconds":	1.0013519525527954,
				"bytes":	2883584,
				"bits_per_second":	23037526.35743098,
				"retransmits":	45,
				"omitted":	false,
				"sender":	true
			}
		}, {
			"streams":	[{
					"socket":	5,
					"start":	1.001352,
					"end":	2.001032,
					"seconds":	0.999679982662201,
					"bytes":	1572864,
					"bits_per_second":	12586940.039042331,
					"retransmits":	0,
					"snd_cwnd":	250504,
					"snd_wnd":	1574912,
					"rtt":	107979,
					"rttvar":	1883,
					"pmtu":	1500,
					"omitted":	false,
					"sender":	true
				}],
			"sum":	{
				"start":	1.001352,
				"end":	2.001032,
				"seconds":	0.999679982662201,
				"bytes":	1572864,
				"bits_per_second":	12586940.039042331,
				"retransmits":	0,
				"omitted":	false,
				"sender":	true
			}
		}, {
			"streams":	[{
					"socket":	5,
					"start":	2.001032,
					"end":	3.001234,
					"seconds":	1.000201940536499,
					"bytes":	786432,
					"bits_per_second":	6290185.7565136515,
					"retransmits":	45,
					"snd_cwnd":	207064,
					"snd_wnd":	1574912,
					"rtt":	113390,
					"rttvar":	13676,
					"pmtu":	1500,
					"omitted":	false,
					"sender":	true
				}],
			"sum":	{
				"start":	2.001032,
				"end":	3.001234,
				"seconds":	1.000201940536499,
				"bytes":	786432,
				"bits_per_second":	6290185.7565136515,
				"retransmits":	45,
				"omitted":	false,
				"sender":	true
			}
		}, {
			"streams":	[{
					"socket":	5,
					"start":	3.001234,
					"end":	4.001431,
					"seconds":	1.0001970529556274,
					"bytes":	1572864,
					"bits_per_second":	12580432.988496544,
					"retransmits":	0,
					"snd_cwnd":	214304,
					"snd_wnd":	1574912,
					"rtt":	111984,
					"rttvar":	5715,
					"pmtu":	1500,
					"omitted":	false,
					"sender":	true
				}],
			"sum":	{
				"start":	3.001234,
				"end":	4.001431,
				"seconds":	1.0001970529556274,
				"bytes":	1572864,
				"bits_per_second":	12580432.988496544,
				"retransmits":	0,
				"omitted":	false,
				"sender":	true
			}
		}, {
			"streams":	[{
					"socket":	5,
					"start":	4.001431,
					"end":	5.001784,
					"seconds":	1.00035297870636,
					"bytes":	786432,
					"bits_per_second":	6289236.0336008677,
					"retransmits":	0,
					"snd_cwnd":	225888,
					"snd_wnd":	1574912,
					"rtt":	113280,
					"rttvar":	8493,
					"pmtu":	1500,
					"omitted":	false,
					"sender":	true
				}],
			"sum":	{
				"start":	4.001431,
				"end":	5.001784,
				"seconds":	1.00035297870636,
				"bytes":	786432,
				"bits_per_second":	6289236.0336008677,
				"retransmits":	0,
				"omitted":	false,
				"sender":	true
			}
		}],
	"end":	{
		"streams":	[{
				"sender":	{
					"socket":	5,
					"start":	0,
					"end":	5.001784,
					"seconds":	5.001784,
					"bytes":	7602176,
					"bits_per_second":	12159143.217699924,
					"retransmits":	90,
					"max_snd_cwnd":	250504,
					"max_snd_wnd":	1574912,
					"max_rtt":	113390,
					"min_rtt":	98021,
					"mean_rtt":	108930,
					"sender":	true
				},
				"receiver":	{
					"socket":	5,
					"start":	0,
					"end":	5.11236,
					"seconds":	5.001784,
					"bytes":	6029312,
					"bits_per_second":	9434878.60792276,
					"sender":	true
				}
			}],
		"sum_sent":	{
			"start":	0,
			"end":	5.001784,
			"seconds":	5.001784,
			"bytes":	7602176,
			"bits_per_second":	12159143.217699924,
			"retransmits":	90,
			"sender":	true
		},
		"sum_received":	{
			"start":	0,
			"end":	5.11236,
			"seconds":	5.11236,
			"bytes":	6029312,
			"bits_per_second":	9434878.60792276,
			"sender":	true
		},
		"cpu_utilization_percent":	{
			"host_total":	0.0983120303952024,
			"host_user":	0,
			"host_system":	0.098272066155204327,
			"remote_total":	0.13627493149578315,
			"remote_user":	0,
			"remote_system":	0.13625537143671959
		},
		"sender_tcp_congestion":	"cubic",
		"receiver_tcp_congestion":	"cubic"
	}
}
