{
	"start":	{
		"connected":	[{
				"socket":	5,
				"local_host":	"10.0.0.11",
				"local_port":	37618,
				"remote_host":	"10.0.0.1",
				"remote_port":	5201
			}],
		"version":	"iperf 3.16",
		"system_info":	"Linux leo0207 6.6.87.2-microsoft-standard-WSL2 #1 SMP PREEMPT_DYNAMIC Thu Jun  5 18:30:46 UTC 2025 x86_64",
		"timestamp":	{
			"time":	"Wed, 10 Jun 2026 15:18:18 GMT",
			"timesecs":	1781104698
		},
		"connecting_to":	{
			"host":	"10.0.0.1",
			"port":	5201
		},
		"cookie":	"kbe2bbjx7ywnc2midgapjgawplkzolohfmhq",
		"tcp_mss_default":	1448,
		"target_bitrate":	0,
		"fq_rate":	0,
		"sock_bufsize":	0,
		"sndbuf_actual":	87380,
		"rcvbuf_actual":	87380,
		"test_start":	{
			"protocol":	"TCP",
			"num_streams":	1,
			"blksize":	131072,
			"omit":	0,
			"duration":	5,
			"bytes":	0,
			"blocks":	0,
			"reverse":	0,
			"tos":	0,
			"target_bitrate":	0,
			"bidir":	0,
			"fqrate":	0
		}
	},
	"intervals":	[{
			"streams":	[{
					"socket":	5,
					"start":	0,
					"end":	1.000919,
					"seconds":	1.000918984413147,
					"bytes":	3014656,
					"bits_per_second":	24095104.974095665,
					"retransmits":	0,
					"snd_cwnd":	392408,
					"snd_wnd":	850944,
					"rtt":	98435,
					"rttvar":	19528,
					"pmtu":	1500,
					"omitted":	false,
					"sender":	true
				}],
			"sum":	{
				"start":	0,
				"end":	1.000919,
				"seconds":	1.000918984413147,
				"bytes":	3014656,
				"bits_per_second":	24095104.974095665,
				"retransmits":	0,
				"omitted":	false,
				"sender":	true
			}
		}, {
			"streams":	[{
					"socket":	5,
					"start":	1.000919,
					"end":	2.001122,
					"seconds":	1.000203013420105,
					"bytes":	917504,
					"bits_per_second":	7338542.17745397,
					"retransmits":	0,
					"snd_cwnd":	392408,
					"snd_wnd":	850944,
					"rtt":	108050,
					"rttvar":	1888,
					"pmtu":	1500,
					"omitted":	false,
					"sender":	true
				}],
			"sum":	{
				"start":	1.000919,
				"end":	2.001122,
				"seconds":	1.000203013420105,
				"bytes":	917504,
				"bits_per_second":	7338542.17745397,
				"retransmits":	0,
				"omitted":	false,
				"sender":	true
			}
		}, {
			"streams":	[{
					"socket":	5,
					"start":	2.001122,
					"end":	3.001349,
					"seconds":	1.0002269744873047,
					"bytes":	1703936,
					"bits_per_second":	13628394.702099705,
					"retransmits":	0,
					"snd_cwnd":	392408,
					"snd_wnd":	1111552,
					"rtt":	108962,
					"rttvar":	295,
					"pmtu":	1500,
					"omitted":	false,
					"sender":	true
				}],
			"sum":	{
				"start":	2.001122,
				"end":	3.001349,
				"seconds":	1.0002269744873047,
				"bytes":	1703936,
				"bits_per_second":	13628394.702099705,
				"retransmits":	0,
				"omitted":	false,
				"sender":	true
			}
		}, {
			"streams":	[{
					"socket":	5,
					"start":	3.001349,
					"end":	4.001333,
					"seconds":	0.9999840259552002,
					"bytes":	786432,
					"bits_per_second":	6291556.5016054176,
					"retransmits":	0,
					"snd_cwnd":	392408,
					"snd_wnd":	1139712,
					"rtt":	108965,
					"rttvar":	104,
					"pmtu":	1500,
					"omitted":	false,
					"sender":	true
				}],
			"sum":	{
				"start":	3.001349,
				"end":	4.001333,
				"seconds":	0.9999840259552002,
				"bytes":	786432,
				"bits_per_second":	6291556.5016054176,
				"retransmits":	0,
				"omitted":	false,
				"sender":	true
			}
		}, {
			"streams":	[{
					"socket":	5,
					"start":	4.001333,
					"end":	5.001641,
					"seconds":	1.0003080368041992,
					"bytes":	1703936,
					"bits_per_second":	13627290.293048235,
					"retransmits":	0,
					"snd_cwnd":	392408,
					"snd_wnd":	1139712,
					"rtt":	108986,
					"rttvar":	67,
					"pmtu":	1500,
					"omitted":	false,
					"sender":	true
				}],
			"sum":	{
				"start":	4.001333,
				"end":	5.001641,
				"seconds":	1.0003080368041992,
				"bytes":	1703936,
				"bits_per_second":	13627290.293048235,
				"retransmits":	0,
				"omitted":	false,
				"sender":	true
			}
		}],
	"end":	{
		"streams":	[{
				"sender":	{
					"socket":	5,
					"start":	0,
					"end":	5.001641,
					"seconds":	5.001641,
					"bytes":	8126464,
					"bits_per_second":	12998076.431315241,
					"retransmits":	0,
					"max_snd_cwnd":	392408,
					"max_snd_wnd":	1139712,
					"max_rtt":	108986,
					"min_rtt":	98435,
					"mean_rtt":	106679,
					"sender":	true
				},
				"receiver":	{
					"socket":	5,
					"start":	0,
					"end":	5.112126,
					"seconds":	5.001641,
					"bytes":	6029312,
					"bits_per_second":	9435310.47552427,
					"sender":	true
				}
			}],
		"sum_sent":	{
			"start":	0,
			"end":	5.001641,
			"seconds":	5.001641,
			"bytes":	8126464,
			"bits_per_second":	12998076.431315241,
			"retransmits":	0,
			"sender":	true
		},
		"sum_received":	{
			"start":	0,
			"end":	5.112126,
			"seconds":	5.112126,
			"bytes":	6029312,
			"bits_per_second":	9435310.47552427,
			"sender":	true
		},
		"cpu_utilization_percent":	{
			"host_total":	0.075378767814005737,
			"host_user":	0.075358778748024838,
			"host_system":	0,
			"remote_total":	0.17258900129006513,
			"remote_user":	0,
			"remote_system":	0.17260856255055362
		},
		"sender_tcp_congestion":	"cubic",
		"receiver_tcp_congestion":	"cubic"
	}
}
