{
	"start":	{
		"connected":	[{
				"socket":	5,
				"local_host":	"10.0.0.11",
				"local_port":	34916,
				"remote_host":	"10.0.0.1",
				"remote_port":	5201
			}],
		"version":	"iperf 3.16",
		"system_info":	"Linux leo0207 6.6.87.2-microsoft-standard-WSL2 #1 SMP PREEMPT_DYNAMIC Thu Jun  5 18:30:46 UTC 2025 x86_64",
		"timestamp":	{
			"time":	"Wed, 10 Jun 2026 15:11:19 GMT",
			"timesecs":	1781104279
		},
		"connecting_to":	{
			"host":	"10.0.0.1",
			"port":	5201
		},
		"cookie":	"53dhxysuaxl4b4crhpv23bpcagxsy2kioair",
		"tcp_mss_default":	1448,
		"target_bitrate":	0,
		"fq_rate":	0,
		"sock_bufsize":	0,
		"sndbuf_actual":	87380,
		"rcvbuf_actual":	87380,
		"test_start":	{
			"protocol":	"TCP",
			"num_streams":	1,
			"blksize":	131072,
			"omit":	0,
			"duration":	5,
			"bytes":	0,
			"blocks":	0,
			"reverse":	0,
			"tos":	0,
			"target_bitrate":	0,
			"bidir":	0,
			"fqrate":	0
		}
	},
	"intervals":	[{
			"streams":	[{
					"socket":	5,
					"start":	0,
					"end":	1.001255,
					"seconds":	1.0012550354003906,
					"bytes":	2752512,
					"bits_per_second":	21992494.64068304,
					"retransmits":	0,
					"snd_cwnd":	348968,
					"snd_wnd":	732160,
					"rtt":	99370,
					"rttvar":	17296,
					"pmtu":	1500,
					"omitted":	false,
					"sender":	true
				}],
			"sum":	{
				"start":	0,
				"end":	1.001255,
				"seconds":	1.0012550354003906,
				"bytes":	2752512,
				"bits_per_second":	21992494.64068304,
				"retransmits":	0,
				"omitted":	false,
				"sender":	true
			}
		}, {
			"streams":	[{
					"socket":	5,
					"start":	1.001255,
					"end":	2.00036,
					"seconds":	0.99910497665405273,
					"bytes":	1441792,
					"bits_per_second":	11544668.748050733,
					"retransmits":	0,
					"snd_cwnd":	348968,
					"snd_wnd":	732160,
					"rtt":	108135,
					"rttvar":	1675,
					"pmtu":	1500,
					"omitted":	false,
					"sender":	true
				}],
			"sum":	{
				"start":	1.001255,
				"end":	2.00036,
				"seconds":	0.99910497665405273,
				"bytes":	1441792,
				"bits_per_second":	11544668.748050733,
				"retransmits":	0,
				"omitted":	false,
				"sender":	true
			}
		}, {
			"streams":	[{
					"socket":	5,
					"start":	2.00036,
					"end":	3.001185,
					"seconds":	1.000825047492981,
					"bytes":	1441792,
					"bits_per_second":	11524827.469988847,
					"retransmits":	0,
					"snd_cwnd":	348968,
					"snd_wnd":	732160,
					"rtt":	108938,
					"rttvar":	145,
					"pmtu":	1500,
					"omitted":	false,
					"sender":	true
				}],
			"sum":	{
				"start":	2.00036,
				"end":	3.001185,
				"seconds":	1.000825047492981,
				"bytes":	1441792,
				"bits_per_second":	11524827.469988847,
				"retransmits":	0,
				"omitted":	false,
				"sender":	true
			}
		}, {
			"streams":	[{
					"socket":	5,
					"start":	3.001185,
					"end":	4.001117,
					"seconds":	0.99993199110031128,
					"bytes":	655360,
					"bits_per_second":	5243236.5867510727,
					"retransmits":	0,
					"snd_cwnd":	348968,
					"snd_wnd":	744448,
					"rtt":	108988,
					"rttvar":	89,
					"pmtu":	1500,
					"omitted":	false,
					"sender":	true
				}],
			"sum":	{
				"start":	3.001185,
				"end":	4.001117,
				"seconds":	0.99993199110031128,
				"bytes":	655360,
				"bits_per_second":	5243236.5867510727,
				"retransmits":	0,
				"omitted":	false,
				"sender":	true
			}
		}, {
			"streams":	[{
					"socket":	5,
					"start":	4.001117,
					"end":	5.001366,
					"seconds":	1.0002490282058716,
					"bytes":	1441792,
					"bits_per_second":	11531464.340124307,
					"retransmits":	0,
					"snd_cwnd":	348968,
					"snd_wnd":	744448,
					"rtt":	108968,
					"rttvar":	96,
					"pmtu":	1500,
					"omitted":	false,
					"sender":	true
				}],
			"sum":	{
				"start":	4.001117,
				"end":	5.001366,
				"seconds":	1.0002490282058716,
				"bytes":	1441792,
				"bits_per_second":	11531464.340124307,
				"retransmits":	0,
				"omitted":	false,
				"sender":	true
			}
		}],
	"end":	{
		"streams":	[{
				"sender":	{
					"socket":	5,
					"start":	0,
					"end":	5.001366,
					"seconds":	5.001366,
					"bytes":	7733248,
					"bits_per_second":	12369817.365895638,
					"retransmits":	0,
					"max_snd_cwnd":	348968,
					"max_snd_wnd":	744448,
					"max_rtt":	108988,
					"min_rtt":	99370,
					"mean_rtt":	106879,
					"sender":	true
				},
				"receiver":	{
					"socket":	5,
					"start":	0,
					"end":	5.112048,
					"seconds":	5.001366,
					"bytes":	6160384,
					"bits_per_second":	9640573.0149638671,
					"sender":	true
				}
			}],
		"sum_sent":	{
			"start":	0,
			"end":	5.001366,
			"seconds":	5.001366,
			"bytes":	7733248,
			"bits_per_second":	12369817.365895638,
			"retransmits":	0,
			"sender":	true
		},
		"sum_received":	{
			"start":	0,
			"end":	5.112048,
			"seconds":	5.112048,
			"bytes":	6160384,
			"bits_per_second":	9640573.0149638671,
			"sender":	true
		},
		"cpu_utilization_percent":	{
			"host_total":	0.15829311224122744,
			"host_user":	0,
			"host_system":	0.15829311224122744,
			"remote_total":	0.13047478149386388,
			"remote_user":	0,
			"remote_system":	0.13047478149386388
		},
		"sender_tcp_congestion":	"cubic",
		"receiver_tcp_congestion":	"cubic"
	}
}
