{
	"start":	{
		"connected":	[{
				"socket":	5,
				"local_host":	"10.0.0.11",
				"local_port":	59760,
				"remote_host":	"10.0.0.1",
				"remote_port":	5201
			}],
		"version":	"iperf 3.16",
		"system_info":	"Linux leo0207 6.6.87.2-microsoft-standard-WSL2 #1 SMP PREEMPT_DYNAMIC Thu Jun  5 18:30:46 UTC 2025 x86_64",
		"timestamp":	{
			"time":	"Sat, 27 Jun 2026 01:15:43 GMT",
			"timesecs":	1782522943
		},
		"connecting_to":	{
			"host":	"10.0.0.1",
			"port":	5201
		},
		"cookie":	"rdqzomfqneyqbiwdxvnfwm6svwy6bnpb7fzc",
		"tcp_mss_default":	1448,
		"target_bitrate":	0,
		"fq_rate":	0,
		"sock_bufsize":	0,
		"sndbuf_actual":	87380,
		"rcvbuf_actual":	87380,
		"test_start":	{
			"protocol":	"TCP",
			"num_streams":	1,
			"blksize":	131072,
			"omit":	0,
			"duration":	5,
			"bytes":	0,
			"blocks":	0,
			"reverse":	0,
			"tos":	0,
			"target_bitrate":	0,
			"bidir":	0,
			"fqrate":	0
		}
	},
	"intervals":	[{
			"streams":	[{
					"socket":	5,
					"start":	0,
					"end":	1.000259,
					"seconds":	1.0002590417861938,
					"bytes":	2752512,
					"bits_per_second":	22014393.352224067,
					"retransmits":	0,
					"snd_cwnd":	348968,
					"snd_wnd":	604672,
					"rtt":	98044,
					"rttvar":	19400,
					"pmtu":	1500,
					"omitted":	false,
					"sender":	true
				}],
			"sum":	{
				"start":	0,
				"end":	1.000259,
				"seconds":	1.0002590417861938,
				"bytes":	2752512,
				"bits_per_second":	22014393.352224067,
				"retransmits":	0,
				"omitted":	false,
				"sender":	true
			}
		}, {
			"streams":	[{
					"socket":	5,
					"start":	1.000259,
					"end":	2.0004,
					"seconds":	1.0001410245895386,
					"bytes":	1441792,
					"bits_per_second":	11532709.604361778,
					"retransmits":	0,
					"snd_cwnd":	348968,
					"snd_wnd":	604672,
					"rtt":	108002,
					"rttvar":	1945,
					"pmtu":	1500,
					"omitted":	false,
					"sender":	true
				}],
			"sum":	{
				"start":	1.000259,
				"end":	2.0004,
				"seconds":	1.0001410245895386,
				"bytes":	1441792,
				"bits_per_second":	11532709.604361778,
				"retransmits":	0,
				"omitted":	false,
				"sender":	true
			}
		}, {
			"streams":	[{
					"socket":	5,
					"start":	2.0004,
					"end":	3.00107,
					"seconds":	1.0006699562072754,
					"bytes":	1441792,
					"bits_per_second":	11526613.673620492,
					"retransmits":	0,
					"snd_cwnd":	348968,
					"snd_wnd":	604672,
					"rtt":	108878,
					"rttvar":	213,
					"pmtu":	1500,
					"omitted":	false,
					"sender":	true
				}],
			"sum":	{
				"start":	2.0004,
				"end":	3.00107,
				"seconds":	1.0006699562072754,
				"bytes":	1441792,
				"bits_per_second":	11526613.673620492,
				"retransmits":	0,
				"omitted":	false,
				"sender":	true
			}
		}, {
			"streams":	[{
					"socket":	5,
					"start":	3.00107,
					"end":	4.001101,
					"seconds":	1.0000309944152832,
					"bytes":	655360,
					"bits_per_second":	5242717.505036436,
					"retransmits":	0,
					"snd_cwnd":	348968,
					"snd_wnd":	778240,
					"rtt":	108977,
					"rttvar":	77,
					"pmtu":	1500,
					"omitted":	false,
					"sender":	true
				}],
			"sum":	{
				"start":	3.00107,
				"end":	4.001101,
				"seconds":	1.0000309944152832,
				"bytes":	655360,
				"bits_per_second":	5242717.505036436,
				"retransmits":	0,
				"omitted":	false,
				"sender":	true
			}
		}, {
			"streams":	[{
					"socket":	5,
					"start":	4.001101,
					"end":	5.001804,
					"seconds":	1.000702977180481,
					"bytes":	1441792,
					"bits_per_second":	11526233.32099844,
					"retransmits":	0,
					"snd_cwnd":	348968,
					"snd_wnd":	778240,
					"rtt":	109016,
					"rttvar":	69,
					"pmtu":	1500,
					"omitted":	false,
					"sender":	true
				}],
			"sum":	{
				"start":	4.001101,
				"end":	5.001804,
				"seconds":	1.000702977180481,
				"bytes":	1441792,
				"bits_per_second":	11526233.32099844,
				"retransmits":	0,
				"omitted":	false,
				"sender":	true
			}
		}],
	"end":	{
		"streams":	[{
				"sender":	{
					"socket":	5,
					"start":	0,
					"end":	5.001804,
					"seconds":	5.001804,
					"bytes":	7733248,
					"bits_per_second":	12368734.160714814,
					"retransmits":	0,
					"max_snd_cwnd":	348968,
					"max_snd_wnd":	778240,
					"max_rtt":	109016,
					"min_rtt":	98044,
					"mean_rtt":	106583,
					"sender":	true
				},
				"receiver":	{
					"socket":	5,
					"start":	0,
					"end":	5.112623,
					"seconds":	5.001804,
					"bytes":	6160384,
					"bits_per_second":	9639488.7712236941,
					"sender":	true
				}
			}],
		"sum_sent":	{
			"start":	0,
			"end":	5.001804,
			"seconds":	5.001804,
			"bytes":	7733248,
			"bits_per_second":	12368734.160714814,
			"retransmits":	0,
			"sender":	true
		},
		"sum_received":	{
			"start":	0,
			"end":	5.112623,
			"seconds":	5.112623,
			"bytes":	6160384,
			"bits_per_second":	9639488.7712236941,
			"sender":	true
		},
		"cpu_utilization_percent":	{
			"host_total":	0.200901137134013,
			"host_user":	0,
			"host_system":	0.20094110950511007,
			"remote_total":	0.16959711150946513,
			"remote_user":	0.0670682153576238,
			"remote_system":	0.10254845526976425
		},
		"sender_tcp_congestion":	"cubic",
		"receiver_tcp_congestion":	"cubic"
	}
}
